match_id,season,date,home_team,away_team,home_goals,away_goals,boxscore_url
2025-26__fri-22__victoria__trinity-western,2025-26,Fri. 22,Victoria,Trinity Western,3,1,https://canadawest.org/sports/msoc/2025-26/boxscores/20250822_b4pi.xml
2025-26__fri-22__ubc__ufv,2025-26,Fri. 22,UBC,UFV,2,1,https://canadawest.org/sports/msoc/2025-26/boxscores/20250822_oatw.xml
2025-26__fri-22__unbc__thompson-rivers,2025-26,Fri. 22,UNBC,Thompson Rivers,2,1,https://canadawest.org/sports/msoc/2025-26/boxscores/20250822_myjp.xml
2025-26__sat-23__calgary__macewan,2025-26,Sat. 23,Calgary,MacEwan,4,1,https://canadawest.org/sports/msoc/2025-26/boxscores/20250823_c817.xml
2025-26__sat-23__mount-royal__alberta,2025-26,Sat. 23,Mount Royal,Alberta,3,1,https://canadawest.org/sports/msoc/2025-26/boxscores/20250823_rnmb.xml
2025-26__sat-23__victoria__ufv,2025-26,Sat. 23,Victoria,UFV,1,1,https://canadawest.org/sports/msoc/2025-26/boxscores/20250823_caqw.xml
2025-26__sat-23__ubc__trinity-western,2025-26,Sat. 23,UBC,Trinity Western,2,1,https://canadawest.org/sports/msoc/2025-26/boxscores/20250823_8xny.xml
2025-26__sun-24__calgary__alberta,2025-26,Sun. 24,Calgary,Alberta,1,2,https://canadawest.org/sports/msoc/2025-26/boxscores/20250824_gyzb.xml
2025-26__sun-24__unbc__thompson-rivers,2025-26,Sun. 24,UNBC,Thompson Rivers,2,1,https://canadawest.org/sports/msoc/2025-26/boxscores/20250824_ksna.xml
2025-26__sun-24__mount-royal__macewan,2025-26,Sun. 24,Mount Royal,MacEwan,3,1,https://canadawest.org/sports/msoc/2025-26/boxscores/20250824_8ns8.xml
2025-26__fri-29__saskatchewan__mount-royal,2025-26,Fri. 29,Saskatchewan,Mount Royal,1,2,https://canadawest.org/sports/msoc/2025-26/boxscores/20250829_zwhu.xml
2025-26__fri-29__lethbridge__calgary,2025-26,Fri. 29,Lethbridge,Calgary,2,3,https://canadawest.org/sports/msoc/2025-26/boxscores/20250829_epc5.xml
2025-26__fri-29__ubco__victoria,2025-26,Fri. 29,UBCO,Victoria,1,2,https://canadawest.org/sports/msoc/2025-26/boxscores/20250829_x3e1.xml
2025-26__fri-29__trinity-western__unbc,2025-26,Fri. 29,Trinity Western,UNBC,2,3,https://canadawest.org/sports/msoc/2025-26/boxscores/20250829_72zw.xml
2025-26__fri-29__thompson-rivers__ubc,2025-26,Fri. 29,Thompson Rivers,UBC,0,3,https://canadawest.org/sports/msoc/2025-26/boxscores/20250829_0j1y.xml
2025-26__sat-30__macewan__alberta,2025-26,Sat. 30,MacEwan,Alberta,2,2,https://canadawest.org/sports/msoc/2025-26/boxscores/20250830_fpwm.xml
2025-26__sat-30__ubco__ubc,2025-26,Sat. 30,UBCO,UBC,1,4,https://canadawest.org/sports/msoc/2025-26/boxscores/20250830_4tl4.xml
2025-26__sat-30__trinity-western__unbc,2025-26,Sat. 30,Trinity Western,UNBC,1,0,https://canadawest.org/sports/msoc/2025-26/boxscores/20250830_ngy9.xml
2025-26__sat-30__thompson-rivers__victoria,2025-26,Sat. 30,Thompson Rivers,Victoria,1,2,https://canadawest.org/sports/msoc/2025-26/boxscores/20250830_itfo.xml
2025-26__sun-31__saskatchewan__calgary,2025-26,Sun. 31,Saskatchewan,Calgary,0,1,https://canadawest.org/sports/msoc/2025-26/boxscores/20250831_1m6w.xml
2025-26__sun-31__lethbridge__mount-royal,2025-26,Sun. 31,Lethbridge,Mount Royal,0,0,https://canadawest.org/sports/msoc/2025-26/boxscores/20250831_hllr.xml
2025-26__fri-5__ufv__thompson-rivers,2025-26,Fri. 5,UFV,Thompson Rivers,5,0,https://canadawest.org/sports/msoc/2025-26/boxscores/20250905_dmhg.xml
2025-26__fri-5__victoria__unbc,2025-26,Fri. 5,Victoria,UNBC,3,1,https://canadawest.org/sports/msoc/2025-26/boxscores/20250905_xnyj.xml
2025-26__fri-5__trinity-western__ubco,2025-26,Fri. 5,Trinity Western,UBCO,1,1,https://canadawest.org/sports/msoc/2025-26/boxscores/20250905_oixk.xml
2025-26__sat-6__macewan__saskatchewan,2025-26,Sat. 6,MacEwan,Saskatchewan,1,1,https://canadawest.org/sports/msoc/2025-26/boxscores/20250906_3yg8.xml
2025-26__sat-6__calgary__mount-royal,2025-26,Sat. 6,Calgary,Mount Royal,0,4,https://canadawest.org/sports/msoc/2025-26/boxscores/20250906_3mpn.xml
2025-26__sat-6__alberta__lethbridge,2025-26,Sat. 6,Alberta,Lethbridge,1,1,https://canadawest.org/sports/msoc/2025-26/boxscores/20250906_l43d.xml
2025-26__sat-6__ufv__ubco,2025-26,Sat. 6,UFV,UBCO,4,0,https://canadawest.org/sports/msoc/2025-26/boxscores/20250906_frig.xml
2025-26__sat-6__trinity-western__thompson-rivers,2025-26,Sat. 6,Trinity Western,Thompson Rivers,3,0,https://canadawest.org/sports/msoc/2025-26/boxscores/20250906_z0c0.xml
2025-26__sat-6__victoria__unbc,2025-26,Sat. 6,Victoria,UNBC,1,1,https://canadawest.org/sports/msoc/2025-26/boxscores/20250906_dfyx.xml
2025-26__sun-7__macewan__lethbridge,2025-26,Sun. 7,MacEwan,Lethbridge,1,3,https://canadawest.org/sports/msoc/2025-26/boxscores/20250907_smqc.xml
2025-26__sun-7__alberta__saskatchewan,2025-26,Sun. 7,Alberta,Saskatchewan,2,0,https://canadawest.org/sports/msoc/2025-26/boxscores/20250907_cnn5.xml
2025-26__fri-12__thompson-rivers__lethbridge,2025-26,Fri. 12,Thompson Rivers,Lethbridge,1,1,https://canadawest.org/sports/msoc/2025-26/boxscores/20250912_wvoo.xml
2025-26__fri-12__ubco__calgary,2025-26,Fri. 12,UBCO,Calgary,1,6,https://canadawest.org/sports/msoc/2025-26/boxscores/20250912_982u.xml
2025-26__fri-12__ufv__macewan,2025-26,Fri. 12,UFV,MacEwan,3,0,https://canadawest.org/sports/msoc/2025-26/boxscores/20250912_ttds.xml
2025-26__fri-12__ubc__alberta,2025-26,Fri. 12,UBC,Alberta,1,0,https://canadawest.org/sports/msoc/2025-26/boxscores/20250912_xax1.xml
2025-26__fri-12__trinity-western__mount-royal,2025-26,Fri. 12,Trinity Western,Mount Royal,0,0,https://canadawest.org/sports/msoc/2025-26/boxscores/20250912_tmyq.xml
2025-26__fri-12__unbc__saskatchewan,2025-26,Fri. 12,UNBC,Saskatchewan,1,3,https://canadawest.org/sports/msoc/2025-26/boxscores/20250912_on0q.xml
2025-26__sat-13__ubco__lethbridge,2025-26,Sat. 13,UBCO,Lethbridge,0,1,https://canadawest.org/sports/msoc/2025-26/boxscores/20250913_2h9f.xml
2025-26__sat-13__thompson-rivers__calgary,2025-26,Sat. 13,Thompson Rivers,Calgary,0,4,https://canadawest.org/sports/msoc/2025-26/boxscores/20250913_n1wj.xml
2025-26__sat-13__ufv__mount-royal,2025-26,Sat. 13,UFV,Mount Royal,0,0,https://canadawest.org/sports/msoc/2025-26/boxscores/20250913_kuf0.xml
2025-26__sat-13__trinity-western__macewan,2025-26,Sat. 13,Trinity Western,MacEwan,3,2,https://canadawest.org/sports/msoc/2025-26/boxscores/20250913_t5vq.xml
2025-26__sun-14__ubc__saskatchewan,2025-26,Sun. 14,UBC,Saskatchewan,3,1,https://canadawest.org/sports/msoc/2025-26/boxscores/20250914_e8j3.xml
2025-26__sun-14__victoria__alberta,2025-26,Sun. 14,Victoria,Alberta,1,0,https://canadawest.org/sports/msoc/2025-26/boxscores/20250914_szct.xml
2025-26__sat-20__saskatchewan__trinity-western,2025-26,Sat. 20,Saskatchewan,Trinity Western,2,1,https://canadawest.org/sports/msoc/2025-26/boxscores/20250920_1kf9.xml
2025-26__sat-20__calgary__unbc,2025-26,Sat. 20,Calgary,UNBC,4,2,https://canadawest.org/sports/msoc/2025-26/boxscores/20250920_i27u.xml
2025-26__sat-20__alberta__ubco,2025-26,Sat. 20,Alberta,UBCO,5,0,https://canadawest.org/sports/msoc/2025-26/boxscores/20250920_n1oe.xml
2025-26__sat-20__macewan__thompson-rivers,2025-26,Sat. 20,MacEwan,Thompson Rivers,0,1,https://canadawest.org/sports/msoc/2025-26/boxscores/20250920_eh0h.xml
2025-26__sat-20__mount-royal__ubc,2025-26,Sat. 20,Mount Royal,UBC,0,2,https://canadawest.org/sports/msoc/2025-26/boxscores/20250920_rmnj.xml
2025-26__sat-20__lethbridge__victoria,2025-26,Sat. 20,Lethbridge,Victoria,1,3,https://canadawest.org/sports/msoc/2025-26/boxscores/20250920_jbzj.xml
2025-26__sun-21__saskatchewan__ufv,2025-26,Sun. 21,Saskatchewan,UFV,2,6,https://canadawest.org/sports/msoc/2025-26/boxscores/20250921_fid5.xml
2025-26__sun-21__calgary__victoria,2025-26,Sun. 21,Calgary,Victoria,2,1,https://canadawest.org/sports/msoc/2025-26/boxscores/20250921_izcx.xml
2025-26__sun-21__lethbridge__ubc,2025-26,Sun. 21,Lethbridge,UBC,2,4,https://canadawest.org/sports/msoc/2025-26/boxscores/20250921_on3a.xml
2025-26__sun-21__alberta__thompson-rivers,2025-26,Sun. 21,Alberta,Thompson Rivers,1,0,https://canadawest.org/sports/msoc/2025-26/boxscores/20250921_p45q.xml
2025-26__sun-21__macewan__ubco,2025-26,Sun. 21,MacEwan,UBCO,1,1,https://canadawest.org/sports/msoc/2025-26/boxscores/20250921_o9jj.xml
2025-26__sun-21__mount-royal__unbc,2025-26,Sun. 21,Mount Royal,UNBC,3,3,https://canadawest.org/sports/msoc/2025-26/boxscores/20250921_uwao.xml
2025-26__fri-26__unbc__ufv,2025-26,Fri. 26,UNBC,UFV,1,3,https://canadawest.org/sports/msoc/2025-26/boxscores/20250926_01bk.xml
2025-26__fri-26__ubc__thompson-rivers,2025-26,Fri. 26,UBC,Thompson Rivers,2,0,https://canadawest.org/sports/msoc/2025-26/boxscores/20250926_t0x2.xml
2025-26__fri-26__victoria__ubco,2025-26,Fri. 26,Victoria,UBCO,3,0,https://canadawest.org/sports/msoc/2025-26/boxscores/20250926_zkou.xml
2025-26__sat-27__macewan__mount-royal,2025-26,Sat. 27,MacEwan,Mount Royal,0,2,https://canadawest.org/sports/msoc/2025-26/boxscores/20250927_6x5x.xml
2025-26__sat-27__unbc__ufv,2025-26,Sat. 27,UNBC,UFV,1,2,https://canadawest.org/sports/msoc/2025-26/boxscores/20250927_np9c.xml
2025-26__sat-27__alberta__calgary,2025-26,Sat. 27,Alberta,Calgary,3,0,https://canadawest.org/sports/msoc/2025-26/boxscores/20250927_0w4w.xml
2025-26__sat-27__ubc__ubco,2025-26,Sat. 27,UBC,UBCO,5,0,https://canadawest.org/sports/msoc/2025-26/boxscores/20250927_4kn6.xml
2025-26__sat-27__victoria__thompson-rivers,2025-26,Sat. 27,Victoria,Thompson Rivers,2,0,https://canadawest.org/sports/msoc/2025-26/boxscores/20250927_8dki.xml
2025-26__sun-28__macewan__calgary,2025-26,Sun. 28,MacEwan,Calgary,1,0,https://canadawest.org/sports/msoc/2025-26/boxscores/20250928_ax9a.xml
2025-26__sun-28__lethbridge__saskatchewan,2025-26,Sun. 28,Lethbridge,Saskatchewan,2,1,https://canadawest.org/sports/msoc/2025-26/boxscores/20250928_rzjc.xml
2025-26__sun-28__alberta__mount-royal,2025-26,Sun. 28,Alberta,Mount Royal,0,1,https://canadawest.org/sports/msoc/2025-26/boxscores/20250928_3j7s.xml
2025-26__fri-3__ufv__victoria,2025-26,Fri. 3,UFV,Victoria,1,2,https://canadawest.org/sports/msoc/2025-26/boxscores/20251003_1gsu.xml
2025-26__fri-3__trinity-western__ubc,2025-26,Fri. 3,Trinity Western,UBC,0,2,https://canadawest.org/sports/msoc/2025-26/boxscores/20251003_wjza.xml
2025-26__sat-4__ubco__unbc,2025-26,Sat. 4,UBCO,UNBC,3,2,https://canadawest.org/sports/msoc/2025-26/boxscores/20251004_amfc.xml
2025-26__sat-4__alberta__macewan,2025-26,Sat. 4,Alberta,MacEwan,0,1,https://canadawest.org/sports/msoc/2025-26/boxscores/20251004_pzeo.xml
2025-26__sat-4__calgary__saskatchewan,2025-26,Sat. 4,Calgary,Saskatchewan,0,1,https://canadawest.org/sports/msoc/2025-26/boxscores/20251004_0bt9.xml
2025-26__sat-4__mount-royal__lethbridge,2025-26,Sat. 4,Mount Royal,Lethbridge,0,3,https://canadawest.org/sports/msoc/2025-26/boxscores/20251004_tlkb.xml
2025-26__sat-4__trinity-western__victoria,2025-26,Sat. 4,Trinity Western,Victoria,0,1,https://canadawest.org/sports/msoc/2025-26/boxscores/20251004_6tsr.xml
2025-26__sun-5__ubco__unbc,2025-26,Sun. 5,UBCO,UNBC,0,3,https://canadawest.org/sports/msoc/2025-26/boxscores/20251005_npq2.xml
2025-26__sun-5__ufv__ubc,2025-26,Sun. 5,UFV,UBC,0,0,https://canadawest.org/sports/msoc/2025-26/boxscores/20251005_379q.xml
2025-26__sun-5__calgary__lethbridge,2025-26,Sun. 5,Calgary,Lethbridge,1,1,https://canadawest.org/sports/msoc/2025-26/boxscores/20251005_ffm0.xml
2025-26__sun-5__mount-royal__saskatchewan,2025-26,Sun. 5,Mount Royal,Saskatchewan,3,1,https://canadawest.org/sports/msoc/2025-26/boxscores/20251005_77sp.xml
2025-26__thu-9__ubc__victoria,2025-26,Thu. 9,UBC,Victoria,3,0,https://canadawest.org/sports/msoc/2025-26/boxscores/20251009_blvb.xml
2025-26__fri-10__thompson-rivers__ubco,2025-26,Fri. 10,Thompson Rivers,UBCO,,,https://canadawest.org/sports/msoc/2025-26/boxscores/20251010_us8k.xml
2025-26__fri-10__saskatchewan__lethbridge,2025-26,Fri. 10,Saskatchewan,Lethbridge,,,https://canadawest.org/sports/msoc/2025-26/boxscores/20251010_cpa6.xml
2025-26__fri-10__ufv__trinity-western,2025-26,Fri. 10,UFV,Trinity Western,,,https://canadawest.org/sports/msoc/2025-26/boxscores/20251010_76u7.xml
2025-26__sat-11__victoria__ubc,2025-26,Sat. 11,Victoria,UBC,,,https://canadawest.org/sports/msoc/2025-26/boxscores/20251011_htz5.xml
2025-26__sat-11__thompson-rivers__ubco,2025-26,Sat. 11,Thompson Rivers,UBCO,,,https://canadawest.org/sports/msoc/2025-26/boxscores/20251011_e9im.xml
2025-26__sat-11__trinity-western__ufv,2025-26,Sat. 11,Trinity Western,UFV,,,https://canadawest.org/sports/msoc/2025-26/boxscores/20251011_o3h9.xml
2025-26__fri-17__lethbridge__macewan,2025-26,Fri. 17,Lethbridge,MacEwan,,,https://canadawest.org/sports/msoc/2025-26/boxscores/20251017_cc87.xml
2025-26__fri-17__saskatchewan__alberta,2025-26,Fri. 17,Saskatchewan,Alberta,,,https://canadawest.org/sports/msoc/2025-26/boxscores/20251017_pu79.xml
2025-26__fri-17__unbc__ubc,2025-26,Fri. 17,UNBC,UBC,,,https://canadawest.org/sports/msoc/2025-26/boxscores/20251017_t29o.xml
2025-26__sat-18__thompson-rivers__trinity-western,2025-26,Sat. 18,Thompson Rivers,Trinity Western,,,https://canadawest.org/sports/msoc/2025-26/boxscores/20251018_lby1.xml
2025-26__sat-18__ubco__ufv,2025-26,Sat. 18,UBCO,UFV,,,https://canadawest.org/sports/msoc/2025-26/boxscores/20251018_xajz.xml
2025-26__sat-18__mount-royal__calgary,2025-26,Sat. 18,Mount Royal,Calgary,,,https://canadawest.org/sports/msoc/2025-26/boxscores/20251018_lqyo.xml
2025-26__sun-19__lethbridge__alberta,2025-26,Sun. 19,Lethbridge,Alberta,,,https://canadawest.org/sports/msoc/2025-26/boxscores/20251019_sfun.xml
2025-26__sun-19__thompson-rivers__ufv,2025-26,Sun. 19,Thompson Rivers,UFV,,,https://canadawest.org/sports/msoc/2025-26/boxscores/20251019_rm04.xml
2025-26__sun-19__saskatchewan__macewan,2025-26,Sun. 19,Saskatchewan,MacEwan,,,https://canadawest.org/sports/msoc/2025-26/boxscores/20251019_j0sv.xml
2025-26__sun-19__ubco__trinity-western,2025-26,Sun. 19,UBCO,Trinity Western,,,https://canadawest.org/sports/msoc/2025-26/boxscores/20251019_61rb.xml
2025-26__sun-19__unbc__ubc,2025-26,Sun. 19,UNBC,UBC,,,https://canadawest.org/sports/msoc/2025-26/boxscores/20251019_0a4c.xml
2024-25__fri-23__ufv__unbc,2024-25,Fri. 23,UFV,UNBC,4,1,https://canadawest.org/sports/msoc/2024-25/boxscores/20240823_emc2.xml
2024-25__fri-23__ubc__ubc-okanagan,2024-25,Fri. 23,UBC,UBC Okanagan,2,1,https://canadawest.org/sports/msoc/2024-25/boxscores/20240823_hc45.xml
2024-25__fri-23__victoria__thompson-rivers,2024-25,Fri. 23,Victoria,Thompson Rivers,3,0,https://canadawest.org/sports/msoc/2024-25/boxscores/20240823_6lk0.xml
2024-25__sat-24__mount-royal__lethbridge,2024-25,Sat. 24,Mount Royal,Lethbridge,0,0,https://canadawest.org/sports/msoc/2024-25/boxscores/20240824_3f05.xml
2024-25__sat-24__calgary__saskatchewan,2024-25,Sat. 24,Calgary,Saskatchewan,3,0,https://canadawest.org/sports/msoc/2024-25/boxscores/20240824_f4in.xml
2024-25__sat-24__ubc__thompson-rivers,2024-25,Sat. 24,UBC,Thompson Rivers,3,1,https://canadawest.org/sports/msoc/2024-25/boxscores/20240824_2kor.xml
2024-25__sun-25__calgary__lethbridge,2024-25,Sun. 25,Calgary,Lethbridge,0,0,https://canadawest.org/sports/msoc/2024-25/boxscores/20240825_pg8o.xml
2024-25__sun-25__victoria__ubc-okanagan,2024-25,Sun. 25,Victoria,UBC Okanagan,4,1,https://canadawest.org/sports/msoc/2024-25/boxscores/20240825_ub1s.xml
2024-25__sun-25__ufv__unbc,2024-25,Sun. 25,UFV,UNBC,2,0,https://canadawest.org/sports/msoc/2024-25/boxscores/20240825_b0zx.xml
2024-25__sun-25__mount-royal__saskatchewan,2024-25,Sun. 25,Mount Royal,Saskatchewan,2,1,https://canadawest.org/sports/msoc/2024-25/boxscores/20240825_2dqs.xml
2024-25__fri-30__lethbridge__macewan,2024-25,Fri. 30,Lethbridge,MacEwan,2,0,https://canadawest.org/sports/msoc/2024-25/boxscores/20240830_j135.xml
2024-25__fri-30__saskatchewan__alberta,2024-25,Fri. 30,Saskatchewan,Alberta,0,4,https://canadawest.org/sports/msoc/2024-25/boxscores/20240830_524x.xml
2024-25__fri-30__unbc__victoria,2024-25,Fri. 30,UNBC,Victoria,0,0,https://canadawest.org/sports/msoc/2024-25/boxscores/20240830_n23i.xml
2024-25__fri-30__ubc-okanagan__ufv,2024-25,Fri. 30,UBC Okanagan,UFV,1,1,https://canadawest.org/sports/msoc/2024-25/boxscores/20240830_devy.xml
2024-25__fri-30__thompson-rivers__trinity-western,2024-25,Fri. 30,Thompson Rivers,Trinity Western,2,1,https://canadawest.org/sports/msoc/2024-25/boxscores/20240830_80m0.xml
2024-25__sat-31__calgary__mount-royal,2024-25,Sat. 31,Calgary,Mount Royal,1,1,https://canadawest.org/sports/msoc/2024-25/boxscores/20240831_f539.xml
2024-25__sat-31__unbc__victoria,2024-25,Sat. 31,UNBC,Victoria,0,4,https://canadawest.org/sports/msoc/2024-25/boxscores/20240831_ll0l.xml
2024-25__sat-31__ubc-okanagan__trinity-western,2024-25,Sat. 31,UBC Okanagan,Trinity Western,1,0,https://canadawest.org/sports/msoc/2024-25/boxscores/20240831_qnmp.xml
2024-25__sat-31__thompson-rivers__ufv,2024-25,Sat. 31,Thompson Rivers,UFV,0,2,https://canadawest.org/sports/msoc/2024-25/boxscores/20240831_i9el.xml
2024-25__sun-1__saskatchewan__macewan,2024-25,Sun. 1,Saskatchewan,MacEwan,3,0,https://canadawest.org/sports/msoc/2024-25/boxscores/20240901_in1o.xml
2024-25__sun-1__lethbridge__alberta,2024-25,Sun. 1,Lethbridge,Alberta,0,1,https://canadawest.org/sports/msoc/2024-25/boxscores/20240901_g0u2.xml
2024-25__fri-6__unbc__ubc-okanagan,2024-25,Fri. 6,UNBC,UBC Okanagan,0,1,https://canadawest.org/sports/msoc/2024-25/boxscores/20240906_12s0.xml
2024-25__fri-6__ubc__trinity-western,2024-25,Fri. 6,UBC,Trinity Western,1,1,https://canadawest.org/sports/msoc/2024-25/boxscores/20240906_ui7y.xml
2024-25__fri-6__victoria__ufv,2024-25,Fri. 6,Victoria,UFV,1,1,https://canadawest.org/sports/msoc/2024-25/boxscores/20240906_m97f.xml
2024-25__sat-7__macewan__mount-royal,2024-25,Sat. 7,MacEwan,Mount Royal,1,1,https://canadawest.org/sports/msoc/2024-25/boxscores/20240907_1j1n.xml
2024-25__sat-7__alberta__calgary,2024-25,Sat. 7,Alberta,Calgary,1,0,https://canadawest.org/sports/msoc/2024-25/boxscores/20240907_x4j4.xml
2024-25__sat-7__lethbridge__saskatchewan,2024-25,Sat. 7,Lethbridge,Saskatchewan,0,1,https://canadawest.org/sports/msoc/2024-25/boxscores/20240907_rctk.xml
2024-25__sat-7__victoria__trinity-western,2024-25,Sat. 7,Victoria,Trinity Western,1,0,https://canadawest.org/sports/msoc/2024-25/boxscores/20240907_hmi7.xml
2024-25__sat-7__unbc__ubc-okanagan,2024-25,Sat. 7,UNBC,UBC Okanagan,1,1,https://canadawest.org/sports/msoc/2024-25/boxscores/20240907_5nne.xml
2024-25__sat-7__ubc__ufv,2024-25,Sat. 7,UBC,UFV,4,1,https://canadawest.org/sports/msoc/2024-25/boxscores/20240907_8fs0.xml
2024-25__sun-8__macewan__calgary,2024-25,Sun. 8,MacEwan,Calgary,0,2,https://canadawest.org/sports/msoc/2024-25/boxscores/20240908_5gx3.xml
2024-25__sun-8__alberta__mount-royal,2024-25,Sun. 8,Alberta,Mount Royal,1,1,https://canadawest.org/sports/msoc/2024-25/boxscores/20240908_3z8r.xml
2024-25__fri-13__ubc-okanagan__alberta,2024-25,Fri. 13,UBC Okanagan,Alberta,0,2,https://canadawest.org/sports/msoc/2024-25/boxscores/20240913_g4w8.xml
2024-25__fri-13__thompson-rivers__macewan,2024-25,Fri. 13,Thompson Rivers,MacEwan,2,3,https://canadawest.org/sports/msoc/2024-25/boxscores/20240913_bp4d.xml
2024-25__fri-13__trinity-western__mount-royal,2024-25,Fri. 13,Trinity Western,Mount Royal,3,1,https://canadawest.org/sports/msoc/2024-25/boxscores/20240913_ep31.xml
2024-25__fri-13__ubc__lethbridge,2024-25,Fri. 13,UBC,Lethbridge,1,1,https://canadawest.org/sports/msoc/2024-25/boxscores/20240913_7xxs.xml
2024-25__fri-13__unbc__calgary,2024-25,Fri. 13,UNBC,Calgary,2,6,https://canadawest.org/sports/msoc/2024-25/boxscores/20240913_o9d0.xml
2024-25__fri-13__ufv__saskatchewan,2024-25,Fri. 13,UFV,Saskatchewan,2,0,https://canadawest.org/sports/msoc/2024-25/boxscores/20240913_1rxa.xml
2024-25__sat-14__ubc__alberta,2024-25,Sat. 14,UBC,Alberta,4,2,https://canadawest.org/sports/msoc/2024-25/boxscores/20240914_4izf.xml
2024-25__sat-14__thompson-rivers__mount-royal,2024-25,Sat. 14,Thompson Rivers,Mount Royal,0,3,https://canadawest.org/sports/msoc/2024-25/boxscores/20240914_qk4y.xml
2024-25__sun-15__ubc-okanagan__calgary,2024-25,Sun. 15,UBC Okanagan,Calgary,1,2,https://canadawest.org/sports/msoc/2024-25/boxscores/20240915_44aw.xml
2024-25__sun-15__ufv__lethbridge,2024-25,Sun. 15,UFV,Lethbridge,1,2,https://canadawest.org/sports/msoc/2024-25/boxscores/20240915_go04.xml
2024-25__sun-15__victoria__saskatchewan,2024-25,Sun. 15,Victoria,Saskatchewan,3,0,https://canadawest.org/sports/msoc/2024-25/boxscores/20240915_hofg.xml
2024-25__sun-15__unbc__macewan,2024-25,Sun. 15,UNBC,MacEwan,1,4,https://canadawest.org/sports/msoc/2024-25/boxscores/20240915_30z4.xml
2024-25__fri-20__mount-royal__unbc,2024-25,Fri. 20,Mount Royal,UNBC,2,0,https://canadawest.org/sports/msoc/2024-25/boxscores/20240920_qk1r.xml
2024-25__fri-20__saskatchewan__ubc,2024-25,Fri. 20,Saskatchewan,UBC,0,2,https://canadawest.org/sports/msoc/2024-25/boxscores/20240920_flwy.xml
2024-25__sat-21__macewan__ufv,2024-25,Sat. 21,MacEwan,UFV,1,2,https://canadawest.org/sports/msoc/2024-25/boxscores/20240921_jkuq.xml
2024-25__sat-21__lethbridge__victoria,2024-25,Sat. 21,Lethbridge,Victoria,0,0,https://canadawest.org/sports/msoc/2024-25/boxscores/20240921_vii6.xml
2024-25__sat-21__alberta__trinity-western,2024-25,Sat. 21,Alberta,Trinity Western,3,2,https://canadawest.org/sports/msoc/2024-25/boxscores/20240921_ouc9.xml
2024-25__sat-21__calgary__thompson-rivers,2024-25,Sat. 21,Calgary,Thompson Rivers,1,1,https://canadawest.org/sports/msoc/2024-25/boxscores/20240921_m3gk.xml
2024-25__sun-22__saskatchewan__unbc,2024-25,Sun. 22,Saskatchewan,UNBC,2,3,https://canadawest.org/sports/msoc/2024-25/boxscores/20240922_xxod.xml
2024-25__sun-22__macewan__trinity-western,2024-25,Sun. 22,MacEwan,Trinity Western,0,1,https://canadawest.org/sports/msoc/2024-25/boxscores/20240922_1ife.xml
2024-25__sun-22__lethbridge__ubc-okanagan,2024-25,Sun. 22,Lethbridge,UBC Okanagan,1,1,https://canadawest.org/sports/msoc/2024-25/boxscores/20240922_ieh9.xml
2024-25__sun-22__calgary__ufv,2024-25,Sun. 22,Calgary,UFV,5,0,https://canadawest.org/sports/msoc/2024-25/boxscores/20240922_pyx7.xml
2024-25__sun-22__alberta__thompson-rivers,2024-25,Sun. 22,Alberta,Thompson Rivers,2,1,https://canadawest.org/sports/msoc/2024-25/boxscores/20240922_089c.xml
2024-25__sun-22__mount-royal__victoria,2024-25,Sun. 22,Mount Royal,Victoria,1,0,https://canadawest.org/sports/msoc/2024-25/boxscores/20240922_i6ex.xml
2024-25__fri-27__thompson-rivers__ubc,2024-25,Fri. 27,Thompson Rivers,UBC,0,1,https://canadawest.org/sports/msoc/2024-25/boxscores/20240927_mbuk.xml
2024-25__fri-27__ubc-okanagan__victoria,2024-25,Fri. 27,UBC Okanagan,Victoria,0,4,https://canadawest.org/sports/msoc/2024-25/boxscores/20240927_m576.xml
2024-25__sat-28__macewan__saskatchewan,2024-25,Sat. 28,MacEwan,Saskatchewan,0,1,https://canadawest.org/sports/msoc/2024-25/boxscores/20240928_hklh.xml
2024-25__sat-28__unbc__trinity-western,2024-25,Sat. 28,UNBC,Trinity Western,3,4,https://canadawest.org/sports/msoc/2024-25/boxscores/20240928_mfth.xml
2024-25__sat-28__alberta__lethbridge,2024-25,Sat. 28,Alberta,Lethbridge,1,1,https://canadawest.org/sports/msoc/2024-25/boxscores/20240928_ahr0.xml
2024-25__sat-28__mount-royal__calgary,2024-25,Sat. 28,Mount Royal,Calgary,1,1,https://canadawest.org/sports/msoc/2024-25/boxscores/20240928_2ipw.xml
2024-25__sat-28__thompson-rivers__victoria,2024-25,Sat. 28,Thompson Rivers,Victoria,0,2,https://canadawest.org/sports/msoc/2024-25/boxscores/20240928_lukz.xml
2024-25__sat-28__ubc-okanagan__ubc,2024-25,Sat. 28,UBC Okanagan,UBC,0,2,https://canadawest.org/sports/msoc/2024-25/boxscores/20240928_ngoh.xml
2024-25__sun-29__unbc__trinity-western,2024-25,Sun. 29,UNBC,Trinity Western,0,6,https://canadawest.org/sports/msoc/2024-25/boxscores/20240929_t687.xml
2024-25__sun-29__alberta__saskatchewan,2024-25,Sun. 29,Alberta,Saskatchewan,2,0,https://canadawest.org/sports/msoc/2024-25/boxscores/20240929_xyqk.xml
2024-25__sun-29__macewan__lethbridge,2024-25,Sun. 29,MacEwan,Lethbridge,4,0,https://canadawest.org/sports/msoc/2024-25/boxscores/20240929_w8di.xml
2024-25__fri-4__trinity-western__ubc-okanagan,2024-25,Fri. 4,Trinity Western,UBC Okanagan,3,1,https://canadawest.org/sports/msoc/2024-25/boxscores/20241004_4q06.xml
2024-25__fri-4__ubc__unbc,2024-25,Fri. 4,UBC,UNBC,1,0,https://canadawest.org/sports/msoc/2024-25/boxscores/20241004_mfd6.xml
2024-25__fri-4__ufv__thompson-rivers,2024-25,Fri. 4,UFV,Thompson Rivers,2,0,https://canadawest.org/sports/msoc/2024-25/boxscores/20241004_re2y.xml
2024-25__sat-5__calgary__macewan,2024-25,Sat. 5,Calgary,MacEwan,5,1,https://canadawest.org/sports/msoc/2024-25/boxscores/20241005_r4a7.xml
2024-25__sat-5__saskatchewan__lethbridge,2024-25,Sat. 5,Saskatchewan,Lethbridge,0,0,https://canadawest.org/sports/msoc/2024-25/boxscores/20241005_i1jz.xml
2024-25__sat-5__mount-royal__alberta,2024-25,Sat. 5,Mount Royal,Alberta,1,4,https://canadawest.org/sports/msoc/2024-25/boxscores/20241005_dsje.xml
2024-25__sat-5__ubc__unbc,2024-25,Sat. 5,UBC,UNBC,3,0,https://canadawest.org/sports/msoc/2024-25/boxscores/20241005_ragn.xml
2024-25__sat-5__trinity-western__thompson-rivers,2024-25,Sat. 5,Trinity Western,Thompson Rivers,0,0,https://canadawest.org/sports/msoc/2024-25/boxscores/20241005_c0e5.xml
2024-25__sun-6__calgary__alberta,2024-25,Sun. 6,Calgary,Alberta,1,1,https://canadawest.org/sports/msoc/2024-25/boxscores/20241006_gr11.xml
2024-25__sun-6__mount-royal__macewan,2024-25,Sun. 6,Mount Royal,MacEwan,4,0,https://canadawest.org/sports/msoc/2024-25/boxscores/20241006_o98x.xml
2024-25__sun-6__ufv__ubc-okanagan,2024-25,Sun. 6,UFV,UBC Okanagan,6,0,https://canadawest.org/sports/msoc/2024-25/boxscores/20241006_981e.xml
2024-25__thu-10__victoria__ubc,2024-25,Thu. 10,Victoria,UBC,1,0,https://canadawest.org/sports/msoc/2024-25/boxscores/20241010_vk39.xml
2024-25__fri-11__ubc-okanagan__thompson-rivers,2024-25,Fri. 11,UBC Okanagan,Thompson Rivers,2,1,https://canadawest.org/sports/msoc/2024-25/boxscores/20241011_srh0.xml
2024-25__fri-11__ufv__trinity-western,2024-25,Fri. 11,UFV,Trinity Western,0,1,https://canadawest.org/sports/msoc/2024-25/boxscores/20241011_j9pi.xml
2024-25__sat-12__ubc__victoria,2024-25,Sat. 12,UBC,Victoria,0,0,https://canadawest.org/sports/msoc/2024-25/boxscores/20241012_6ht0.xml
2024-25__sat-12__ubc-okanagan__thompson-rivers,2024-25,Sat. 12,UBC Okanagan,Thompson Rivers,1,0,https://canadawest.org/sports/msoc/2024-25/boxscores/20241012_tpyy.xml
2024-25__sat-12__trinity-western__ufv,2024-25,Sat. 12,Trinity Western,UFV,1,1,https://canadawest.org/sports/msoc/2024-25/boxscores/20241012_anob.xml
2024-25__sun-13__alberta__macewan,2024-25,Sun. 13,Alberta,MacEwan,3,0,https://canadawest.org/sports/msoc/2024-25/boxscores/20241013_lr2f.xml
2024-25__fri-18__lethbridge__calgary,2024-25,Fri. 18,Lethbridge,Calgary,2,1,https://canadawest.org/sports/msoc/2024-25/boxscores/20241018_27zz.xml
2024-25__fri-18__macewan__alberta,2024-25,Fri. 18,MacEwan,Alberta,0,4,https://canadawest.org/sports/msoc/2024-25/boxscores/20241018_c3wy.xml
2024-25__fri-18__saskatchewan__mount-royal,2024-25,Fri. 18,Saskatchewan,Mount Royal,1,2,https://canadawest.org/sports/msoc/2024-25/boxscores/20241018_v7he.xml
2024-25__fri-18__thompson-rivers__unbc,2024-25,Fri. 18,Thompson Rivers,UNBC,0,1,https://canadawest.org/sports/msoc/2024-25/boxscores/20241018_4f4h.xml
2024-25__fri-18__trinity-western__victoria,2024-25,Fri. 18,Trinity Western,Victoria,0,2,https://canadawest.org/sports/msoc/2024-25/boxscores/20241018_kmfz.xml
2024-25__fri-18__ufv__ubc,2024-25,Fri. 18,UFV,UBC,2,4,https://canadawest.org/sports/msoc/2024-25/boxscores/20241018_3rzh.xml
2024-25__sat-19__thompson-rivers__unbc,2024-25,Sat. 19,Thompson Rivers,UNBC,3,1,https://canadawest.org/sports/msoc/2024-25/boxscores/20241019_ashu.xml
2024-25__sat-19__trinity-western__ubc,2024-25,Sat. 19,Trinity Western,UBC,0,1,https://canadawest.org/sports/msoc/2024-25/boxscores/20241019_wb77.xml
2024-25__sun-20__saskatchewan__calgary,2024-25,Sun. 20,Saskatchewan,Calgary,0,5,https://canadawest.org/sports/msoc/2024-25/boxscores/20241020_wte3.xml
2024-25__sun-20__lethbridge__mount-royal,2024-25,Sun. 20,Lethbridge,Mount Royal,1,4,https://canadawest.org/sports/msoc/2024-25/boxscores/20241020_466f.xml
2024-25__sun-20__ufv__victoria,2024-25,Sun. 20,UFV,Victoria,2,1,https://canadawest.org/sports/msoc/2024-25/boxscores/20241020_k57b.xml
2023-24__fri-25__macewan__lethbridge,2023-24,Fri. 25,MacEwan,Lethbridge,0,2,https://canadawest.org/sports/msoc/2023-24/boxscores/20230825_al2g.xml
2023-24__fri-25__ufv__ubc-okanagan,2023-24,Fri. 25,UFV,UBC Okanagan,0,1,https://canadawest.org/sports/msoc/2023-24/boxscores/20230825_euk4.xml
2023-24__fri-25__trinity-western__thompson-rivers,2023-24,Fri. 25,Trinity Western,Thompson Rivers,1,0,https://canadawest.org/sports/msoc/2023-24/boxscores/20230825_koga.xml
2023-24__fri-25__unbc__ubc,2023-24,Fri. 25,UNBC,UBC,0,4,https://canadawest.org/sports/msoc/2023-24/boxscores/20230825_tsxe.xml
2023-24__sat-26__alberta__lethbridge,2023-24,Sat. 26,Alberta,Lethbridge,1,0,https://canadawest.org/sports/msoc/2023-24/boxscores/20230826_t9f1.xml
2023-24__sat-26__macewan__saskatchewan,2023-24,Sat. 26,MacEwan,Saskatchewan,3,2,https://canadawest.org/sports/msoc/2023-24/boxscores/20230826_yy4c.xml
2023-24__sat-26__ufv__thompson-rivers,2023-24,Sat. 26,UFV,Thompson Rivers,1,0,https://canadawest.org/sports/msoc/2023-24/boxscores/20230826_0iuq.xml
2023-24__sat-26__trinity-western__ubc-okanagan,2023-24,Sat. 26,Trinity Western,UBC Okanagan,2,1,https://canadawest.org/sports/msoc/2023-24/boxscores/20230826_ik1p.xml
2023-24__sun-27__unbc__ubc,2023-24,Sun. 27,UNBC,UBC,0,5,https://canadawest.org/sports/msoc/2023-24/boxscores/20230827_63fq.xml
2023-24__sun-27__calgary__mount-royal,2023-24,Sun. 27,Calgary,Mount Royal,0,1,https://canadawest.org/sports/msoc/2023-24/boxscores/20230827_7wxw.xml
2023-24__sun-27__alberta__saskatchewan,2023-24,Sun. 27,Alberta,Saskatchewan,1,1,https://canadawest.org/sports/msoc/2023-24/boxscores/20230827_7l2g.xml
2023-24__fri-1__lethbridge__mount-royal,2023-24,Fri. 1,Lethbridge,Mount Royal,0,1,https://canadawest.org/sports/msoc/2023-24/boxscores/20230901_awkr.xml
2023-24__fri-1__ubc-okanagan__ubc,2023-24,Fri. 1,UBC Okanagan,UBC,1,2,https://canadawest.org/sports/msoc/2023-24/boxscores/20230901_gupz.xml
2023-24__fri-1__thompson-rivers__victoria,2023-24,Fri. 1,Thompson Rivers,Victoria,0,1,https://canadawest.org/sports/msoc/2023-24/boxscores/20230901_c5rs.xml
2023-24__fri-1__trinity-western__unbc,2023-24,Fri. 1,Trinity Western,UNBC,0,0,https://canadawest.org/sports/msoc/2023-24/boxscores/20230901_v86v.xml
2023-24__sat-2__ubc-okanagan__victoria,2023-24,Sat. 2,UBC Okanagan,Victoria,0,1,https://canadawest.org/sports/msoc/2023-24/boxscores/20230902_8suq.xml
2023-24__sat-2__thompson-rivers__ubc,2023-24,Sat. 2,Thompson Rivers,UBC,0,4,https://canadawest.org/sports/msoc/2023-24/boxscores/20230902_mlqn.xml
2023-24__sat-2__trinity-western__unbc,2023-24,Sat. 2,Trinity Western,UNBC,3,0,https://canadawest.org/sports/msoc/2023-24/boxscores/20230902_gs49.xml
2023-24__sun-3__lethbridge__calgary,2023-24,Sun. 3,Lethbridge,Calgary,3,3,https://canadawest.org/sports/msoc/2023-24/boxscores/20230903_3p0k.xml
2023-24__sun-3__saskatchewan__mount-royal,2023-24,Sun. 3,Saskatchewan,Mount Royal,0,1,https://canadawest.org/sports/msoc/2023-24/boxscores/20230903_2axd.xml
2023-24__fri-8__unbc__thompson-rivers,2023-24,Fri. 8,UNBC,Thompson Rivers,3,1,https://canadawest.org/sports/msoc/2023-24/boxscores/20230908_05p7.xml
2023-24__fri-8__ubc__ufv,2023-24,Fri. 8,UBC,UFV,2,0,https://canadawest.org/sports/msoc/2023-24/boxscores/20230908_a7hc.xml
2023-24__fri-8__victoria__trinity-western,2023-24,Fri. 8,Victoria,Trinity Western,1,1,https://canadawest.org/sports/msoc/2023-24/boxscores/20230908_ft0x.xml
2023-24__sat-9__calgary__alberta,2023-24,Sat. 9,Calgary,Alberta,0,1,https://canadawest.org/sports/msoc/2023-24/boxscores/20230909_mxrw.xml
2023-24__sat-9__mount-royal__macewan,2023-24,Sat. 9,Mount Royal,MacEwan,3,0,https://canadawest.org/sports/msoc/2023-24/boxscores/20230909_qj5n.xml
2023-24__sat-9__lethbridge__saskatchewan,2023-24,Sat. 9,Lethbridge,Saskatchewan,3,1,https://canadawest.org/sports/msoc/2023-24/boxscores/20230909_h3ci.xml
2023-24__sat-9__ubc__trinity-western,2023-24,Sat. 9,UBC,Trinity Western,1,1,https://canadawest.org/sports/msoc/2023-24/boxscores/20230909_y5lk.xml
2023-24__sun-10__calgary__macewan,2023-24,Sun. 10,Calgary,MacEwan,1,3,https://canadawest.org/sports/msoc/2023-24/boxscores/20230910_dmtp.xml
2023-24__sun-10__unbc__thompson-rivers,2023-24,Sun. 10,UNBC,Thompson Rivers,1,2,https://canadawest.org/sports/msoc/2023-24/boxscores/20230910_f0iw.xml
2023-24__sun-10__mount-royal__alberta,2023-24,Sun. 10,Mount Royal,Alberta,0,1,https://canadawest.org/sports/msoc/2023-24/boxscores/20230910_lghh.xml
2023-24__sun-10__victoria__ufv,2023-24,Sun. 10,Victoria,UFV,3,1,https://canadawest.org/sports/msoc/2023-24/boxscores/20230910_oque.xml
2023-24__sat-16__macewan__ubc,2023-24,Sat. 16,MacEwan,UBC,0,6,https://canadawest.org/sports/msoc/2023-24/boxscores/20230916_xzk3.xml
2023-24__sat-16__lethbridge__thompson-rivers,2023-24,Sat. 16,Lethbridge,Thompson Rivers,2,2,https://canadawest.org/sports/msoc/2023-24/boxscores/20230916_cqyp.xml
2023-24__sat-16__mount-royal__victoria,2023-24,Sat. 16,Mount Royal,Victoria,2,0,https://canadawest.org/sports/msoc/2023-24/boxscores/20230916_amoz.xml
2023-24__sat-16__saskatchewan__ubc-okanagan,2023-24,Sat. 16,Saskatchewan,UBC Okanagan,2,0,https://canadawest.org/sports/msoc/2023-24/boxscores/20230916_dmt6.xml
2023-24__sat-16__alberta__ufv,2023-24,Sat. 16,Alberta,UFV,3,1,https://canadawest.org/sports/msoc/2023-24/boxscores/20230916_lpau.xml
2023-24__sat-16__calgary__trinity-western,2023-24,Sat. 16,Calgary,Trinity Western,1,1,https://canadawest.org/sports/msoc/2023-24/boxscores/20230916_m5st.xml
2023-24__sun-17__mount-royal__ufv,2023-24,Sun. 17,Mount Royal,UFV,5,0,https://canadawest.org/sports/msoc/2023-24/boxscores/20230917_5sbv.xml
2023-24__sun-17__saskatchewan__victoria,2023-24,Sun. 17,Saskatchewan,Victoria,1,1,https://canadawest.org/sports/msoc/2023-24/boxscores/20230917_qdba.xml
2023-24__sun-17__calgary__unbc,2023-24,Sun. 17,Calgary,UNBC,2,1,https://canadawest.org/sports/msoc/2023-24/boxscores/20230917_js4w.xml
2023-24__sun-17__lethbridge__ubc,2023-24,Sun. 17,Lethbridge,UBC,2,2,https://canadawest.org/sports/msoc/2023-24/boxscores/20230917_2etz.xml
2023-24__sun-17__alberta__ubc-okanagan,2023-24,Sun. 17,Alberta,UBC Okanagan,1,0,
2023-24__fri-22__unbc__alberta,2023-24,Fri. 22,UNBC,Alberta,2,0,https://canadawest.org/sports/msoc/2023-24/boxscores/20230922_6j5i.xml
2023-24__fri-22__ubc-okanagan__mount-royal,2023-24,Fri. 22,UBC Okanagan,Mount Royal,0,3,https://canadawest.org/sports/msoc/2023-24/boxscores/20230922_05r2.xml
2023-24__fri-22__victoria__macewan,2023-24,Fri. 22,Victoria,MacEwan,3,2,https://canadawest.org/sports/msoc/2023-24/boxscores/20230922_fdia.xml
2023-24__fri-22__trinity-western__saskatchewan,2023-24,Fri. 22,Trinity Western,Saskatchewan,1,1,https://canadawest.org/sports/msoc/2023-24/boxscores/20230922_37gk.xml
2023-24__fri-22__ubc__calgary,2023-24,Fri. 22,UBC,Calgary,1,0,https://canadawest.org/sports/msoc/2023-24/boxscores/20230922_crrn.xml
2023-24__fri-22__ufv__lethbridge,2023-24,Fri. 22,UFV,Lethbridge,1,2,https://canadawest.org/sports/msoc/2023-24/boxscores/20230922_b79h.xml
2023-24__sat-23__thompson-rivers__saskatchewan,2023-24,Sat. 23,Thompson Rivers,Saskatchewan,1,0,https://canadawest.org/sports/msoc/2023-24/boxscores/20230923_yyk1.xml
2023-24__sat-23__ubc__mount-royal,2023-24,Sat. 23,UBC,Mount Royal,2,1,https://canadawest.org/sports/msoc/2023-24/boxscores/20230923_11d8.xml
2023-24__sat-23__victoria__calgary,2023-24,Sat. 23,Victoria,Calgary,3,0,https://canadawest.org/sports/msoc/2023-24/boxscores/20230923_mc5p.xml
2023-24__sun-24__unbc__lethbridge,2023-24,Sun. 24,UNBC,Lethbridge,1,1,https://canadawest.org/sports/msoc/2023-24/boxscores/20230924_xko8.xml
2023-24__sun-24__ufv__macewan,2023-24,Sun. 24,UFV,MacEwan,4,3,https://canadawest.org/sports/msoc/2023-24/boxscores/20230924_wip4.xml
2023-24__sun-24__trinity-western__alberta,2023-24,Sun. 24,Trinity Western,Alberta,0,1,https://canadawest.org/sports/msoc/2023-24/boxscores/20230924_zdie.xml
2023-24__fri-29__thompson-rivers__ufv,2023-24,Fri. 29,Thompson Rivers,UFV,2,0,https://canadawest.org/sports/msoc/2023-24/boxscores/20230929_7yxt.xml
2023-24__fri-29__ubc-okanagan__trinity-western,2023-24,Fri. 29,UBC Okanagan,Trinity Western,1,0,https://canadawest.org/sports/msoc/2023-24/boxscores/20230929_xrps.xml
2023-24__fri-29__victoria__unbc,2023-24,Fri. 29,Victoria,UNBC,2,0,https://canadawest.org/sports/msoc/2023-24/boxscores/20230929_30hg.xml
2023-24__sat-30__calgary__lethbridge,2023-24,Sat. 30,Calgary,Lethbridge,4,0,https://canadawest.org/sports/msoc/2023-24/boxscores/20230930_d4vz.xml
2023-24__sat-30__mount-royal__saskatchewan,2023-24,Sat. 30,Mount Royal,Saskatchewan,2,0,https://canadawest.org/sports/msoc/2023-24/boxscores/20230930_w6kc.xml
2023-24__sat-30__alberta__macewan,2023-24,Sat. 30,Alberta,MacEwan,1,1,https://canadawest.org/sports/msoc/2023-24/boxscores/20230930_ncf6.xml
2023-24__sat-30__thompson-rivers__trinity-western,2023-24,Sat. 30,Thompson Rivers,Trinity Western,0,3,https://canadawest.org/sports/msoc/2023-24/boxscores/20230930_fs1n.xml
2023-24__sat-30__victoria__unbc,2023-24,Sat. 30,Victoria,UNBC,2,0,https://canadawest.org/sports/msoc/2023-24/boxscores/20230930_jqiy.xml
2023-24__sun-1__calgary__saskatchewan,2023-24,Sun. 1,Calgary,Saskatchewan,3,0,https://canadawest.org/sports/msoc/2023-24/boxscores/20231001_3exx.xml
2023-24__sun-1__ubc-okanagan__ufv,2023-24,Sun. 1,UBC Okanagan,UFV,1,0,https://canadawest.org/sports/msoc/2023-24/boxscores/20231001_du3a.xml
2023-24__sun-1__mount-royal__lethbridge,2023-24,Sun. 1,Mount Royal,Lethbridge,1,0,https://canadawest.org/sports/msoc/2023-24/boxscores/20231001_wlew.xml
2023-24__wed-4__macewan__alberta,2023-24,Wed. 4,MacEwan,Alberta,0,2,https://canadawest.org/sports/msoc/2023-24/boxscores/20231004_cewm.xml
2023-24__thu-5__ubc__victoria,2023-24,Thu. 5,UBC,Victoria,1,0,https://canadawest.org/sports/msoc/2023-24/boxscores/20231005_cito.xml
2023-24__fri-6__trinity-western__ufv,2023-24,Fri. 6,Trinity Western,UFV,5,2,https://canadawest.org/sports/msoc/2023-24/boxscores/20231006_23kg.xml
2023-24__fri-6__thompson-rivers__ubc-okanagan,2023-24,Fri. 6,Thompson Rivers,UBC Okanagan,4,0,https://canadawest.org/sports/msoc/2023-24/boxscores/20231006_jp0m.xml
2023-24__sat-7__saskatchewan__calgary,2023-24,Sat. 7,Saskatchewan,Calgary,1,2,https://canadawest.org/sports/msoc/2023-24/boxscores/20231007_gm2f.xml
2023-24__sat-7__victoria__ubc,2023-24,Sat. 7,Victoria,UBC,1,2,https://canadawest.org/sports/msoc/2023-24/boxscores/20231007_59du.xml
2023-24__sat-7__thompson-rivers__ubc-okanagan,2023-24,Sat. 7,Thompson Rivers,UBC Okanagan,4,0,https://canadawest.org/sports/msoc/2023-24/boxscores/20231007_v3yb.xml
2023-24__sun-8__ufv__trinity-western,2023-24,Sun. 8,UFV,Trinity Western,1,2,https://canadawest.org/sports/msoc/2023-24/boxscores/20231008_9fv2.xml
2023-24__fri-13__victoria__ubc-okanagan,2023-24,Fri. 13,Victoria,UBC Okanagan,2,0,https://canadawest.org/sports/msoc/2023-24/boxscores/20231013_z1aw.xml
2023-24__fri-13__ubc__thompson-rivers,2023-24,Fri. 13,UBC,Thompson Rivers,0,1,https://canadawest.org/sports/msoc/2023-24/boxscores/20231013_kf7p.xml
2023-24__fri-13__unbc__ufv,2023-24,Fri. 13,UNBC,UFV,3,1,https://canadawest.org/sports/msoc/2023-24/boxscores/20231013_s586.xml
2023-24__sat-14__macewan__calgary,2023-24,Sat. 14,MacEwan,Calgary,4,4,https://canadawest.org/sports/msoc/2023-24/boxscores/20231014_ujxy.xml
2023-24__sat-14__alberta__mount-royal,2023-24,Sat. 14,Alberta,Mount Royal,1,2,https://canadawest.org/sports/msoc/2023-24/boxscores/20231014_qh4e.xml
2023-24__sat-14__saskatchewan__lethbridge,2023-24,Sat. 14,Saskatchewan,Lethbridge,1,1,https://canadawest.org/sports/msoc/2023-24/boxscores/20231014_gar6.xml
2023-24__sat-14__ubc__ubc-okanagan,2023-24,Sat. 14,UBC,UBC Okanagan,3,1,https://canadawest.org/sports/msoc/2023-24/boxscores/20231014_acm8.xml
2023-24__sat-14__victoria__thompson-rivers,2023-24,Sat. 14,Victoria,Thompson Rivers,1,0,https://canadawest.org/sports/msoc/2023-24/boxscores/20231014_jvbh.xml
2023-24__sun-15__macewan__mount-royal,2023-24,Sun. 15,MacEwan,Mount Royal,1,1,https://canadawest.org/sports/msoc/2023-24/boxscores/20231015_3g7c.xml
2023-24__sun-15__alberta__calgary,2023-24,Sun. 15,Alberta,Calgary,1,0,https://canadawest.org/sports/msoc/2023-24/boxscores/20231015_3lc8.xml
2023-24__sun-15__unbc__ufv,2023-24,Sun. 15,UNBC,UFV,3,2,https://canadawest.org/sports/msoc/2023-24/boxscores/20231015_k0du.xml
2023-24__thu-19__saskatchewan__macewan,2023-24,Thu. 19,Saskatchewan,MacEwan,0,1,https://canadawest.org/sports/msoc/2023-24/boxscores/20231019_eui2.xml
2023-24__fri-20__lethbridge__alberta,2023-24,Fri. 20,Lethbridge,Alberta,0,1,https://canadawest.org/sports/msoc/2023-24/boxscores/20231020_1obr.xml
2023-24__fri-20__ufv__victoria,2023-24,Fri. 20,UFV,Victoria,2,1,https://canadawest.org/sports/msoc/2023-24/boxscores/20231020_7jsr.xml
2023-24__fri-20__trinity-western__ubc,2023-24,Fri. 20,Trinity Western,UBC,0,1,https://canadawest.org/sports/msoc/2023-24/boxscores/20231020_ucxl.xml
2023-24__sat-21__mount-royal__calgary,2023-24,Sat. 21,Mount Royal,Calgary,2,0,https://canadawest.org/sports/msoc/2023-24/boxscores/20231021_uvum.xml
2023-24__sat-21__ubc-okanagan__unbc,2023-24,Sat. 21,UBC Okanagan,UNBC,1,2,https://canadawest.org/sports/msoc/2023-24/boxscores/20231021_hcv1.xml
2023-24__sat-21__lethbridge__macewan,2023-24,Sat. 21,Lethbridge,MacEwan,3,0,https://canadawest.org/sports/msoc/2023-24/boxscores/20231021_577a.xml
2023-24__sat-21__trinity-western__victoria,2023-24,Sat. 21,Trinity Western,Victoria,1,2,https://canadawest.org/sports/msoc/2023-24/boxscores/20231021_6920.xml
2023-24__sun-22__ubc-okanagan__unbc,2023-24,Sun. 22,UBC Okanagan,UNBC,3,1,https://canadawest.org/sports/msoc/2023-24/boxscores/20231022_w16r.xml
2023-24__sun-22__macewan__thompson-rivers,2023-24,Sun. 22,MacEwan,Thompson Rivers,0,2,https://canadawest.org/sports/msoc/2023-24/boxscores/20231022_k04l.xml
2023-24__sun-22__saskatchewan__alberta,2023-24,Sun. 22,Saskatchewan,Alberta,0,1,https://canadawest.org/sports/msoc/2023-24/boxscores/20231022_nlgf.xml
2023-24__sun-22__ufv__ubc,2023-24,Sun. 22,UFV,UBC,0,4,https://canadawest.org/sports/msoc/2023-24/boxscores/20231022_ln2z.xml

